{"MAE": 17.50928096705429, "MSE": 1463.7822466108198, "RMSE": 38.259407295602735}