{"MAE": 0.4575050175189972, "MSE": 22.474651336669922, "RMSE": 4.740743753533819}