{"MAE": 4.146884358971821, "MSE": 60.63144695069406, "RMSE": 7.786619738416283}